Business Name,Last Updated,Address,Materials Accepted
New York City Bulk Item Curbside Program,N/A,"New York, NY 10001","Dehumidifiers, Humidifiers, Air Conditioners, Barbeque Grills, Carpet, Carpet Padding, Dishwashers"
IMobile LLC,N/A,"(212) 967-9725, 370 7th Ave, New York, NY 10001","Cell Phone Accessories, Cell Phones"
The 4th Bin,N/A,"(646) 747-5985, 307 7th Ave, New York, NY 10001","Cell Phones, Desktop Computers, Inkjet Cartridges, LCD Computer Monitors, LCD Televisions, MP3 Players, Toner Cartridges"
Sprint Store,N/A,"(212) 695-6006, 126 W 34th St, New York, NY 10001","Cell Phone Accessories, Cell Phones"
Willoughby's,N/A,"(212) 564-1600, 298 5th Ave, New York, NY 10001","Cell Phones, Desktop Computers, Game Consoles, MP3 Players, Telephones, Lithium-ion Batteries, Nickel-cadmium Batteries"
Cartridge World,N/A,"(212) 414-8406, 225 West 23rd Street, New York, NY 10011","Inkjet Cartridges, Toner Cartridges"
ProTek Recycling Inc.,N/A,"(978) 621-4358, 276 5th Avenue, New York, NY 10001","Audio Equipment, Blu-Ray Players, Boomboxes, Cables, Calculators, Cassette Players, CD Players"
Tekserve,N/A,"(212) 929-3645, 119 W 23rd St, New York, NY 10011","Desktop Computers, LCD Computer Monitors, Office Machines"
Staples,N/A,"(212) 244-2681, 500 8th Avenue, New York, NY 10018","Cell Phone Accessories, Cell Phones, Computer Peripherals - External, CRT Computer Monitors, Desktop Computers, Digital Cameras, GPS Systems"
Cartridge World,N/A,"(212) 777-6600, 155 West 35th Street, New York, NY 10001","Inkjet Cartridges, Toner Cartridges"
Home Depot,N/A,"(212) 929-9571, 40 W 23rd St, New York, NY 10010","Cell Phones, Car Batteries, CFLs, Lead-acid Batteries - Non-automotive, Lithium-ion Batteries, Nickel-cadmium Batteries"
Staples,N/A,"(212) 683-8009, 16 East 34th Street, New York, NY 10016","Cell Phone Accessories, Cell Phones, Computer Peripherals - External, CRT Computer Monitors, Desktop Computers, Digital Cameras, GPS Systems"
Sprint Store,N/A,"(212) 780-5600, 175 5th Ave, New York, NY 10010","Cell Phone Accessories, Cell Phones"
Staples,N/A,"(212) 462-2959, 641 Avenue of the Americas, New York, NY 10011","Cell Phone Accessories, Cell Phones, Computer Peripherals - External, CRT Computer Monitors, Desktop Computers, Digital Cameras, GPS Systems"
Staples,N/A,"(212) 221-3517, 442 5th Avenue, New York, NY 10018","Cell Phone Accessories, Cell Phones, Computer Peripherals - External, CRT Computer Monitors, Desktop Computers, Digital Cameras, GPS Systems"
Radius Recycling,N/A,"(646) 278-9714, 11 Times Square, New York, NY 10036","Cell Phones, Computer Peripherals - External, Computer Peripherals - Internal, Desktop Computers, Game Consoles, Hard Drives, Home Electronics"
Central Iron and Metal,N/A,"(212) 947-2985, 505 W 27th St, New York, NY 10001","Cables, Aluminum Scrap, Brass, Cookware, Copper, Ferrous Metals, Garden Tools"
Staples Copy and Print Shop,N/A,"(212) 254-0487, 315 Park Avenue South, New York, NY 10010","Inkjet Cartridges, Toner Cartridges, Lead-acid Batteries - Non-automotive, Lithium-ion Batteries, Nickel-cadmium Batteries, Nickel-metal Hydride Batteries, Nickel-zinc Batteries"
Staples,N/A,"(212) 697-2615, 261 Madison Ave, New York, NY 10016","Cell Phone Accessories, Cell Phones, Computer Peripherals - External, CRT Computer Monitors, Desktop Computers, Digital Cameras, GPS Systems"
Sprint Store,N/A,"(212) 730-4727, 57 W 42nd St, New York, NY 10036","Cell Phone Accessories, Cell Phones"
Best Buy,N/A,"(212) 808-0309, 529 5th Ave, New York, NY 10017","Audio Equipment, Blu-Ray Players, Boomboxes, Cables, Calculators, Cassette Players, CD Players"
"Mobile City NY, LLC",N/A,"(212) 582-7000, 606 9th Ave, New York, NY 10036","Cell Phone Accessories, Cell Phones"
Staples,N/A,"(212) 255-4687, 116 W 14th St, New York, NY 10011","Cell Phone Accessories, Cell Phones, Computer Peripherals - External, CRT Computer Monitors, Desktop Computers, Digital Cameras, GPS Systems"
IMobile LLC,N/A,"(212) 229-9900, 39 W 14th St, New York, NY 10011","Cell Phone Accessories, Cell Phones"
Best Buy,N/A,"(212) 466-4789, 52 E 14th St, New York, NY 10003","Audio Equipment, Blu-Ray Players, Boomboxes, Cables, Calculators, Cassette Players, CD Players"
"The Phone Center, Inc",N/A,"(212) 460-5600, 232 3rd Ave, New York, NY 10010","Cell Phone Accessories, Cell Phones"
Staples,N/A,"(212) 265-4550, 776 8th Avenue, Manhattan, NY 10036","Cell Phone Accessories, Cell Phones, Computer Peripherals - External, CRT Computer Monitors, Desktop Computers, Digital Cameras, GPS Systems"
Staples,N/A,"(212) 929-6323, 5-9 Union Square West, New York, NY 10003","Cell Phone Accessories, Cell Phones, Computer Peripherals - External, CRT Computer Monitors, Desktop Computers, Digital Cameras, GPS Systems"
Staples,N/A,"(212) 687-3219, 675 3rd Avenue, New York, NY 10017","Cell Phone Accessories, Cell Phones, Computer Peripherals - External, CRT Computer Monitors, Desktop Computers, Digital Cameras, GPS Systems"
Sprint Store,N/A,"(212) 645-0252, 403 6th Ave, New York, NY 10014","Cell Phone Accessories, Cell Phones"
Staples,N/A,"(212) 673-1090, 390 Avenue of the Americas, New York, NY 10011","Cell Phone Accessories, Cell Phones, Computer Peripherals - External, CRT Computer Monitors, Desktop Computers, Digital Cameras, GPS Systems"
Computer Recycling Services,N/A,"(877) 337-8782, Manhattan, NY 10003","Cell Phones, Desktop Computers, Office Machines, Telephones, Toner Cartridges"
Staples,N/A,"(646) 654-6660, 769 Broadway, Manhattan, NY 10003","Cell Phone Accessories, Cell Phones, Computer Peripherals - External, CRT Computer Monitors, Desktop Computers, Digital Cameras, GPS Systems"
Staples Copy and Print Shop,N/A,"(212) 956-9210, 1755 Broadway, Manhattan, NY 10019","Inkjet Cartridges, Toner Cartridges, Lead-acid Batteries - Non-automotive, Lithium-ion Batteries, Nickel-cadmium Batteries, Nickel-metal Hydride Batteries, Nickel-zinc Batteries"
Cartridge World,N/A,"(212) 308-1465, 153 East 53rd Street, New York, NY 10022","Inkjet Cartridges, Toner Cartridges"
Staples,N/A,"(212) 753-9640, 425 Park Avenue, New York, NY 10022","Cell Phone Accessories, Cell Phones, Computer Peripherals - External, CRT Computer Monitors, Desktop Computers, Digital Cameras, GPS Systems"
Sprint Store,N/A,"(212) 826-0727, 677 Lexington Ave, New York, NY 10022","Cell Phone Accessories, Cell Phones"
Best Buy,N/A,"(212) 673-4067, 622 Broadway, New York, NY 10012","Audio Equipment, Blu-Ray Players, Boomboxes, Cables, Calculators, Cassette Players, CD Players"
Home Depot,N/A,"(212) 888-1512, 980 3rd Ave, New York, NY 10022","Cell Phones, Car Batteries, CFLs, Lead-acid Batteries - Non-automotive, Lithium-ion Batteries, Nickel-cadmium Batteries"
IMobile LLC,N/A,"(212) 750-6666, 1149 2nd Ave, New York, NY 10022","Cell Phone Accessories, Cell Phones"
Sprint Store,N/A,"1048 Third Ave, New York, NY 10065","Cell Phone Accessories, Cell Phones"
Project For Empty Space,N/A,"(608) 698-6355, 137 Attorney St, New York, NY 10002","Electronic Servers, Brush, Tools"
Cartridge World,N/A,"(201) 795-2377, 401 Bloomfield Street, Hoboken, NJ 07030","Inkjet Cartridges, Toner Cartridges"
PS 199 Cell phone and electronics recycling drive,N/A,"(212) 799-1033, 270 West 70th Street, New York, NY 10023","Cell Phones, Game Consoles, Inkjet Cartridges, MP3 Players, Toner Cartridges"
P.S. 199 Jessie Isador Straus,N/A,"(212) 799-1033, 270 W 70th St, New York, NY 10023","CDs, Cell Phones, Desktop Computers, Game Consoles, Inkjet Cartridges, MP3 Players"
IMobile LLC,N/A,"(212) 580-0510, 267 Amsterdam Ave, New York, NY 10023","Cell Phone Accessories, Cell Phones"
Hoboken Department of Public Works - Electronic Waste Drop-off Site,N/A,"1-800-540-0987, 256 Observer Highway, Hoboken, NJ 07030","Audio Equipment, Cables, Cell Phone Accessories, Cell Phones, Computer Peripherals - External, CRT Computer Monitors, CRT Televisions"
Henry Curbside Electronics Recycling,N/A,"(646) 739-4013, 17 Ludlow St, New York, NY 10002","Cell Phones, Desktop Computers, Game Consoles, MP3 Players, Office Machines"
Wireless Ritz,N/A,"(718) 609-0600, 817 Manhattan Ave, Brooklyn, NY 11222","Cell Phone Accessories, Cell Phones"
Guardian Data Destruction,N/A,"(888) 556-9473, 52-15 11th St, Queens, NY 11101","Desktop Computers, Game Consoles, LCD Computer Monitors, LCD Televisions, MP3 Players, Office Machines, Telephones"
Union City Department of Public Works - Electronic Waste Drop-off Site,N/A,"1-800-540-0987, 410 - 27th Street, Union City, NJ 07087","Audio Equipment, Cables, Cell Phone Accessories, Cell Phones, Computer Peripherals - External, CRT Computer Monitors, CRT Televisions"
Staples,N/A,"(201) 217-9900, 613 Washington Boulevard, Jersey City, NJ 07310","Cell Phone Accessories, Cell Phones, Computer Peripherals - External, CRT Computer Monitors, Desktop Computers, Digital Cameras, GPS Systems"
Target Store,N/A,"(201) 499-0017, 100 14th St, Jersey City, NJ 07310","Cell Phones, Inkjet Cartridges, MP3 Players, #2 Plastic Bags, #4 Plastic Bags"
Staples,N/A,"(212) 712-9617, 2248 Broadway, New York, NY 10024","Cell Phone Accessories, Cell Phones, Computer Peripherals - External, CRT Computer Monitors, Desktop Computers, Digital Cameras, GPS Systems"
Sims Metal Management,N/A,"(718) 786-6031, 30-27 Greenpoint Avenue, Long Island City, NY 11101","Dehumidifiers, Humidifiers, Air Conditioners, Aluminum Beverage Cans, Aluminum Food Cans, Aluminum Lids, Aluminum Scrap"
Best Buy,N/A,"(201) 792-8399, 125 18th St, Jersey City, NJ 07310","Audio Equipment, Blu-Ray Players, Boomboxes, Cables, Calculators, Cassette Players, CD Players"
J&R Music World,N/A,"(212) 238-9600, 23 Park Row, New York, NY 10038","Cell Phones, Desktop Computers, Game Consoles, MP3 Players, Telephones, Lithium-ion Batteries, Nickel-cadmium Batteries"
Staples,N/A,"(212) 346-9624, 217 Broadway, New York, NY 10007","Cell Phone Accessories, Cell Phones, Computer Peripherals - External, CRT Computer Monitors, Desktop Computers, Digital Cameras, GPS Systems"
IMobile LLC,N/A,"(212) 362-5005, 2284 Broadway, New York, NY 10024","Cell Phone Accessories, Cell Phones"
Staples,N/A,"(212) 346-9624, 217 Broadway, New York, NY 10007","Cell Phone Accessories, Cell Phones, Computer Peripherals - External, CRT Computer Monitors, Desktop Computers, Digital Cameras, GPS Systems"
Allocco Recycling Ltd,N/A,"(718) 349-3094, 540 Kingsland Avenue, Brooklyn, NY 11222","Audio Equipment, Blu-Ray Players, Boomboxes, Cables, Calculators, Cassette Players, CD Players"
"Arjay Telecommunications, Inc.",N/A,"(201) 876-4700, 30 Mall Dr W, Jersey City, NJ 07310","Cell Phone Accessories, Cell Phones"
Home Depot,N/A,"(201) 963-6513, 180 12th St, Jersey City, NJ 07310","Cell Phones, Car Batteries, CFLs, Lead-acid Batteries - Non-automotive, Lithium-ion Batteries, Nickel-cadmium Batteries"
Sprint Store,N/A,"(212) 233-5727, 170 Broadway, New York, NY 10038","Cell Phone Accessories, Cell Phones"
Sprint Store,N/A,"(212) 348-6340, 169 E 86th St, New York, NY 10128","Cell Phone Accessories, Cell Phones"
West New York Department of Public Works - Electronic Waste Drop-off Site,N/A,"1-800-540-0987, 6200 Broadway, West New York, NJ 07093","Audio Equipment, Cables, Cell Phone Accessories, Cell Phones, Computer Peripherals - External, CRT Computer Monitors, CRT Televisions"
Sprint Store,N/A,"(201) 865-6490, 3101 John F Kennedy Blvd W, North Bergen, NJ 07047","Cell Phone Accessories, Cell Phones"
Best Buy,N/A,"(917) 492-8870, 1280 Lexington Ave, New York, NY 10028","Audio Equipment, Blu-Ray Players, Boomboxes, Cables, Calculators, Cassette Players, CD Players"
Asd,N/A,"(212) 508-0700, 120 E 87th St, New York, NY 10128","Cell Phone Accessories, #5 Plastic Clamshells, #6 Plastic Peanuts, Auto Bodies, Car Batteries, Innertubes"
Staples,N/A,"(201) 863-6700, 3113 John F Kennedy Boulevard West, Union City, NJ 07087","Cell Phone Accessories, Cell Phones, Computer Peripherals - External, CRT Computer Monitors, Desktop Computers, Digital Cameras, GPS Systems"
Staples,N/A,"(212) 426-6190, 1280 Lexington Avenue, New York, NY 10028","Cell Phone Accessories, Cell Phones, Computer Peripherals - External, CRT Computer Monitors, Desktop Computers, Digital Cameras, GPS Systems"
"The Phone Center, Inc",N/A,"(212) 269-7100, 120 Water St, New York, NY 10005","Cell Phone Accessories, Cell Phones"
Advanced Cellular Solutions,N/A,"(888) 563-1340, 52-14 34th St, Long Island City, NY 11101","Audio Equipment, Cables, Cell Phone Accessories, Cell Phones, Computer Peripherals - External, Desktop Computers, Digital Cameras"
Hudson County Household Hazardous Waste Collection Program,N/A,"(201) 795-4555, Jersey City, NJ 07302","Audio Equipment, Blu-Ray Players, Boomboxes, Cables, Calculators, Cassette Players, CD Players"
Staples,N/A,"(718) 388-3447, 535 Morgan Avenue, Brooklyn, NY 11222","Cell Phone Accessories, Cell Phones, Computer Peripherals - External, CRT Computer Monitors, Desktop Computers, Digital Cameras, GPS Systems"
"NYC SAFE (Solvents, Automotive, Flammable, Electronics) Disposal Event - Manhattan",N/A,"(646) 885-4830, New York, NY 10029","Audio Equipment, Blu-Ray Players, Boomboxes, Cables, Calculators, Cassette Players, CD Players"
P.C.S. Superstore Inc,N/A,"(646) 896-1101, 2590 Broadway, New York, NY 10025","Cell Phone Accessories, Cell Phones"
Wireless Ritz,N/A,"(718) 388-0100, 755 Grand St, Brooklyn, NY 11211","Cell Phone Accessories, Cell Phones"
IMobile LLC,N/A,"(718) 722-7979, 147 Montague St, Brooklyn, NY 11201","Cell Phone Accessories, Cell Phones"
North Bergen MUA - Electronic Waste Drop-off Site,N/A,"1-800-540-0987, 6200 Tonnelle Avenue, North Bergen, NJ 07047","Audio Equipment, Cables, Cell Phone Accessories, Cell Phones, Computer Peripherals - External, CRT Computer Monitors, CRT Televisions"
TNT Scrap Metal,N/A,"(718) 366-4017, 340 Maspeth Ave, Brooklyn, NY 11211","Cables, Desktop Computers, Laptop Computers, Aluminum Scrap, Auto Parts, Bicycles, Brass"
"Morgen Industries, Inc.",N/A,"(201) 223-0072, 701 Penhorn Ave, Secaucus, NJ 07094","Cell Phones, Desktop Computers, LCD Computer Monitors, LCD Televisions, Office Machines, Telephones, Toner Cartridges"
Redwood Materials (located inside at Rad Power Bikes),N/A,"(347) 795-0320, Rad Power Bikes, 25 Kent Ave., Brooklyn, NY 11249","Cell Phones, Digital Cameras, Game Consoles, GPS Systems, Home Electronics, Hoverboards, Laptop Computers"
eRecycleNY,N/A,"(718) 622-3540, 65 Emerson Place, Brooklyn, NY 11205","Cell Phones, Desktop Computers, Game Consoles, LCD Computer Monitors, LCD Televisions, Office Machines, Telephones"
P.C.S. Superstore Inc,N/A,"(718) 855-0100, 395 Jay St, Brooklyn, NY 11201","Cell Phone Accessories, Cell Phones"
Home Depot,N/A,"(201) 271-1200, 1055 Paterson Plank Rd, Secaucus, NJ 07094","Cell Phones, Car Batteries, CFLs, Lead-acid Batteries - Non-automotive, Lithium-ion Batteries, Nickel-cadmium Batteries"
Secaucus Department of Public Works - Electronic Waste Drop-off Site,N/A,"1-800-540-0987, 370 Secaucus Road, Secaucus, NJ 07094","Audio Equipment, Cables, Cell Phone Accessories, Cell Phones, Computer Peripherals - External, CRT Computer Monitors, CRT Televisions"
Sprint Store,N/A,"(718) 237-2155, 456 Fulton St, Brooklyn, NY 11201","Cell Phone Accessories, Cell Phones"
The Customer Center LLC,N/A,"(201) 536-1500, 2831 John F Kennedy Blvd W, Jersey City, NJ 07306","Cell Phone Accessories, Cell Phones"
"Mobile City NY, LLC",N/A,"(212) 864-6900, 2803 Broadway, New York, NY 10025","Cell Phone Accessories, Cell Phones"
Target Store,N/A,"(201) 520-1701, 7101 Tonnelle Ave, North Bergen, NJ 07047","Cell Phones, Inkjet Cartridges, MP3 Players, #2 Plastic Bags, #4 Plastic Bags"
1-800-GOT-JUNK?,N/A,"(201) 865-5865, 100 Dorigo Lane, Unit F, Secaucus, NJ 07094","Cassette Tapes, CDs, Cell Phones, Desktop Computers, Floppy Disks, Game Consoles, Inkjet Cartridges"
Sprint Store,N/A,"(718) 777-6504, 30-30 Steinway St, Astoria, NY 11103","Cell Phone Accessories, Cell Phones"
Home Depot,N/A,"(201) 868-8125, 7605 Tonnelle Ave, North Bergen, NJ 07047","Cell Phones, Car Batteries, CFLs, Lead-acid Batteries - Non-automotive, Lithium-ion Batteries, Nickel-cadmium Batteries"
Home Depot,N/A,"(718) 278-9031, 50-10 Northern Blvd, Queens, NY 11101","Cell Phones, Car Batteries, CFLs, Lead-acid Batteries - Non-automotive, Lithium-ion Batteries, Nickel-cadmium Batteries"
Best Buy,N/A,"(718) 626-7585, 5001 Northern Blvd, Queens, NY 11101","Audio Equipment, Blu-Ray Players, Boomboxes, Cables, Calculators, Cassette Players, CD Players"
Out of the Closet Thrift Store,N/A,"(718) 637-2955, 475 Atlantic Ave, Brooklyn, NY 11217","CDs, Cell Phones, Desktop Computers, LCD Computer Monitors, Bicycles, Clothing, Eyeglasses"
Staples,N/A,"(718) 932-0315, 24-41 31st Street, Queens, NY 11102","Cell Phone Accessories, Cell Phones, Computer Peripherals - External, CRT Computer Monitors, Desktop Computers, Digital Cameras, GPS Systems"
- Big Sky Recycling -,N/A,"971-200-5141, 3860 SE Naef Rd #68025, Portland, OR 97267","Cell Phones, MP3 Players, Tablets"
- iPhone Antidote -,N/A,"888-333-0635, 4040 Civic Center Drive, Suite 200, San Rafael, CA 94903","Cell Phone Accessories, Cell Phones, Laptop Computers, MP3 Players, Tablets"
Ace Recycling Inc.,N/A,"(260) 456-0512, 219 MURRAY STREET, Fort Wayne, IN 46803","Cell Phones, Inkjet Cartridges, Toner Cartridges"
"AM Exclusive Business Machines, Inc.",N/A,"(718)-845-2828, 79-63 77th Ave, Glendale, NY 11385","Inkjet Cartridges, Toner Cartridges"
American Foundation for Children with AIDS,N/A,"(717) 489-0206, 6221 Blue Grass Ave, Harrisburg, PA 17112",Medical Equipment - Large
Apple Recycling Program,N/A,"(408) 862-2667, Cupertino, CA 95014","Cell Phones, Desktop Computers, Laptop Computers, LCD Computer Monitors, MP3 Players, Tablets"
Back Thru The Future Hard Drive Recycling Program,N/A,"(973) 823-9752, 1 Park Dr, Suite 9, Franklin, NJ 07416",Hard Drives
Barclay Enterprises T-Waste Recycling Program,N/A,"(800) 513-9962, Colton, CA 92324","Cell Phones, Telephones"
Best Buy Technology Recycling Box,N/A,",",Home Electronics
Big Green Box,N/A,"740-277-9957, 265 Quarry Road Southeast, Lancaster, OH 43130","Cell Phones, Laptop Computers, MP3 Players, Tablets, Alkaline Batteries, Lead-acid Batteries - Non-automotive, Lithium Batteries"
Brother Cartridge Collection Program,N/A,"(901) 379-1000â, Memphis, TN 38133","Inkjet Cartridges, Toner Cartridges"
BulbCycle,N/A,"(858) 412-6536, 7770 Regents Road, #113  Suite #547, San Diego, CA 92122","Tablets, CFLs, Fluorescent Tubes, Light Fixtures, Lighting Ballasts, Lithium Batteries, Lithium-ion Batteries"
"Buyback Boss -- Get paid for recycling smartphones, tablets and smartwatches",N/A,"602-813-0494, 450 N 54th St, Chandler, AZ 85226","Smartphones, Smartwatches, Tablets"
BuyMyTronics,N/A,"(303) 955-5554, 5855 Stapleton Drive N, Unit A-155, Denver, CO 80216","Cell Phone Accessories, Cell Phones, Digital Cameras, Game Consoles, GPS Systems, Laptop Computers, MP3 Players"
C&I Electronics,N/A,"(812) 423-9166, 1700 N Lafayette Ave, Evansville, IN 47711","Audio Equipment, Cables, Cell Phone Accessories, Cell Phones, Computer Peripherals - External, CRT Computer Monitors, Desktop Computers"
"Canon, Inc.",N/A,"5980 Industrial Drive, Gloucester, VA 23061","Inkjet Cartridges, Toner Cartridges"
Capstone Wireless,N/A,"(888) 226-6692, 10610 Metric Dr #178, Dallas, TX 75243","Cell Phones, Button Cell Batteries, Lithium-ion Batteries, Nickel-cadmium Batteries"
CartridgeFundraising.com,N/A,"(800) 594-4468, Rochester, NY 14609","Cell Phones, Inkjet Cartridges, Toner Cartridges"
Cartridges for Kids,N/A,"(800) 420-0235, Loveland, CO 80538","Cell Phones, Game Consoles, Inkjet Cartridges, Laptop Computers, Tablets, Toner Cartridges"
Cash For Smartphones,N/A,"(888) 821-1143, 84 Coney Island, Sparks, NV 89431",Cell Phones
CashforiPhones,N/A,"(888) 821-1143, 84 Coney Island, Sparks, NV 89431","Cell Phones, Laptop Computers, Tablets"
Castaway Technologies LLC,N/A,"(978) 208-4730, 57 Chase Street, Methuen, MA 01844","Desktop Computers, LCD Computer Monitors"
Castle Ink,N/A,"(800) 399-5193, 37 Wyckoff St, Greenlawn, NY 11740","Inkjet Cartridges, Toner Cartridges"
CD Recycling Center of America,N/A,"(603) 894-5553, 68 E Stiles Road, Salem, NH 03079","CDs, Cell Phone Accessories, Cell Phones, DVDs, Floppy Disks, Inkjet Cartridges, CD Cases"
Cell Funds,N/A,"(866) 874-6759, 14429 Ventura Blvd, Sherman Oaks, CA 91423",Cell Phones
Cell Phones for Soldiers,N/A,"(781) 588-2608, Norwell, MA 02061",Cell Phones
Cellucycle Cell Phone Recycling,N/A,"(503) 597-8516, 12562 SW Main St, Tigard, OR 97223",Cell Phones
Cellular Recycler,N/A,"(303) 258-8888, 4840 Sterling Dr. Unit A, Boulder, CO 80301",Cell Phones
"Chemwise, Inc.",N/A,"(419) 425-3604, 316 E Sandusky St, Findlay, OH 45840","Inkjet Cartridges, Medical Equipment - Large, Toner Cartridges, CFLs, Chemistry Sets, Clear Glass Beverage Containers, Ferrous Metals"
Coastal Recycling Centers,N/A,"(760) 636-4892, 42-280 Beacon Hill, Suite D-10, Palm Desert, CA 92211","Cell Phones, Inkjet Cartridges, Toner Cartridges"
CURE Recycling,N/A,"(404) 680-1043, Woodstock, GA 30188","Cell Phones, Digital Cameras, Inkjet Cartridges, Laptop Computers, MP3 Players, Tablets, Toner Cartridges"
Cyber Acoustics Bulk Headset Recycling program,N/A,"3109 NE 109th Ave, Vancouver, WA 98682","Audio Equipment, Computer Peripherals - External, Home Electronics"
Dell Global Recycling,N/A,"(888) 576-3818, Round Rock, TX 78682","Desktop Computers, Inkjet Cartridges, LCD Computer Monitors, Toner Cartridges"
Disc Replay,N/A,"630.627.9440, 1418 Butterfield Rd, Downers Grove, IL 60515","Blu-Ray Players, Calculators, CDs, Cell Phones, DVDs, Game Consoles, Laptop Computers"
Domesitc Violence Advocacy Program Emergency Cell Phone Collection,N/A,"(518) 664-8322, PO Box 30, Mechanicville, NY 12118",Cell Phones
e-Cycle LLC,N/A,"(877) 215-5255, 4105 Leap Road, Hilliard, OH 43026","Cell Phone Accessories, Cell Phones, Tablets"
e-Cycle LLC Headquarters,N/A,"(877) 215-5255, 7775 Walton Parkway, Suite 250, New Albany, OH 43054","Cell Phone Accessories, Cell Phones, Tablets"
e-Cycle LLC.,N/A,"(877) 215-5255, 4105 Leap Rd, Hilliard, OH 43026","Cell Phone Accessories, Cell Phones, Tablets"
ECO-CELL,N/A,"(888) 326-3357, 1726 Mellwood Ave, Louisville, KY 40206","Cell Phone Accessories, Cell Phones, Digital Cameras, Game Consoles, GPS Systems, Laptop Computers, MP3 Players"
ECOmm Recycling,N/A,"(352) 307-0023, Belleview, FL 34421","Cell Phone Accessories, Cell Phones"
EcoPhones Electronics Recycling,N/A,"(888) 326-7466, Dallas, TX 75220","Cell Phones, Inkjet Cartridges, MP3 Players"
eCycle B.E.S.T.,N/A,"(888) 634-4409, 994 Glendale Ave #1, Sparks, NV 89431","Cell Phones, Desktop Computers, Digital Cameras, Game Consoles, GPS Systems, Home Electronics, Laptop Computers"
eCycle Group,N/A,"(800) 416-5251, 416 Bryant Circle, Ste E, Ojai, CA 93023","Cell Phones, Inkjet Cartridges, Toner Cartridges"
Educational Assistance Limited,N/A,"(630) 690-0010, Glen Ellyn, IL 60138","LCD Computer Monitors, Household Furniture, Office Furniture, Scrap Metal, Tools"
Elarasys,N/A,"(800) 787-6364, 180 Corporate Dr, Elgin, IL 60123",Office Machines
Enviro Solutions,N/A,"(803) 629-3218, Lexington, SC 29071","Cell Phones, Inkjet Cartridges, MP3 Players"
EnviroSmart.org Mail In Program,N/A,"(804) 272-3281, 600 Montour Drive, Richmond, VA 23236","Cell Phones, Inkjet Cartridges, Toner Cartridges"
EraseMyLaptop,N/A,"(877) 257-2278, 427 Greenwich St, Philadelphia, PA 19147",Laptop Computers
EverLights,N/A,"877-934-9873, 1105 Stevenson Ct, Roselle, IL 60172","CRT Televisions, LCD Televisions, Office Machines, Paper Shredders, Printers, Small Appliances, Toner Cartridges"
Evolve Recycling,N/A,"(855) 933-8658, 380 East Bayfront Pkwy, Erie, PA 16507","Cell Phones, Digital Cameras, GPS Systems, Inkjet Cartridges, Laptop Computers, MP3 Players, Toner Cartridges"
Evolve Recycling,N/A,"(855) 933-8658, 2700 W Higgins Road, Hoffman Estates, IL 60169","Cell Phones, Digital Cameras, Inkjet Cartridges, Laptop Computers, MP3 Players, Toner Cartridges"
EWASTE+ Sony Mail-Back Program,N/A,"888-563-1340, 7318 Victor- Mendon Road, Victor, NY 14564","Blu-Ray Players, Cassette Players, CD Players, Computer Peripherals - External, Computer Peripherals - Internal, CRT Computer Monitors, CRT Televisions"
EZ on the Earth,N/A,"(855) 327-8455, Greenwood, IN 46143","Cables, Computer Peripherals - Internal, Desktop Computers, Hard Drives, Laptop Computers, Alkaline Batteries, Button Cell Batteries"
EZ-cycleÂ® Box,N/A,"(888) 720-0900, Newton, MA 02466","CDs, Cell Phones, Desktop Computers, Floppy Disks, Inkjet Cartridges, LCD Computer Monitors, LCD Televisions"
Floppydisk Recycle Program,N/A,"(714) 669-8301, 2620 Walnut Ave Unit D, Tustin, CA 92780",Floppy Disks
Folica Hair Dryer Recycling Program,N/A,"(888) 919-4247, Dayton, NJ 08810",Home Electronics
Full Circle Image,N/A,"(800) 584-7244, Rochester, MN 55901","Inkjet Cartridges, Toner Cartridges"
FundingFactory.com,N/A,"(888) 883-8237, Erie, PA 16507","Cell Phones, Digital Cameras, GPS Systems, Inkjet Cartridges, Laptop Computers, MP3 Players, Tablets"
GadgetGobbler.com,N/A,"(866) 319-3975, Aurora, IL 60506","Cell Phones, MP3 Players, Tablets"
Gazelle,N/A,",","Cell Phones, Desktop Computers, Laptop Computers, MP3 Players, Tablets"
Gizmogul,N/A,"1-866-784-2238, 6 Merchant St #5, Sharon, MA 02067","Cell Phones, Computer Peripherals - External, Computer Peripherals - Internal"
Gizmogul,N/A,"781-784-2238, 6 Merchant St. #5, Sharon, MA 02067","Cell Phones, Desktop Computers, Laptop Computers, LCD Computer Monitors, Tablets, Nickel-metal Hydride Batteries, Silver-oxide Batteries"
Global Re-Source Funding,N/A,"(866) 473-8446, 100 W 18th Ave, North Kansas City, MO 64116","Cell Phones, Digital Cameras, GPS Systems, Inkjet Cartridges, Laptop Computers, MP3 Players, Toner Cartridges"
GRC Wireless Recycling,N/A,"(800) 203-1506, 11067 NW 122ND STREET, Medley, FL 33178",Cell Phones
Green Buyback,N/A,"03479791945, 48 Bi State Plaza #101, Old Tappan, NJ 07675","Cell Phones, Game Consoles, Home Electronics, Laptop Computers, Tablets"
Green Hippo,N/A,"(805) 987-7000, 300 South Lewis Road, Suite K, Camarillo, CA 93012","Cell Phone Accessories, Cell Phones, Digital Cameras, GPS Systems, Inkjet Cartridges, MP3 Players, Pagers"
Green Project Inc,N/A,"(626) 961-2688, 15335 Don Julian Rd, Hacienda Heights, CA 91745","Inkjet Cartridges, Toner Cartridges"
GreenCanDo.org,N/A,"(888) 340-1121, P.O. Box 324, Massapequa Park, NY 11762","Cell Phones, Digital Cameras, Inkjet Cartridges, Laptop Computers, MP3 Players, Tablets, Toner Cartridges"
GreenCells Cell Phone Recycling Program,N/A,"(630) 358-9559, 1701 Quincy Ave, Naperville, IL 60540",Cell Phones
GreenDisk,N/A,"(800) 305-3475, Issaquah, WA 98029","Audio Equipment, Blu-Ray Players, Cables, Cassette Players, Cassette Tapes, CD Players, CDs"
GreenPhone Recycling Program,N/A,"(310) 294-5400, Boulder, CO 80301",Cell Phones
GreenTextbooks.org Recycling Program,N/A,"(801) 523-8069, 1412 Plata Way, Sandy, UT 84093","CDs, Paperback Books"
Guzu.com,N/A,"(631) 865-0022, 71 E Industry Ct, Deer Park, NY 11729","Audio Equipment, Cables, Cell Phone Accessories, Cell Phones, Computer Peripherals - External, CRT Computer Monitors, CRT Televisions"
"Hellocycle, Inc.",N/A,"207-423-8260, 18 Morin St, Biddeford, ME 04005","CDs, Cell Phones, Inkjet Cartridges, MP3 Players, Alkaline Batteries, CFLs, Lithium-ion Batteries"
Hewlett-Packard Planet Partners Recycling Program,N/A,"(888) 485-1849, Palo Alto, CA 94304","Cell Phones, CRT Computer Monitors, Desktop Computers, Digital Cameras, Inkjet Cartridges, LCD Computer Monitors, MP3 Players"
HP Inc.,N/A,"800.340.2445, 1501 Page Mill Road, Palo Alto, CA 94304","Inkjet Cartridges, Toner Cartridges"
Ink Technologies,N/A,"(866) 313-2879, 7600 McEwen Road, Dayton, OH 45459","Inkjet Cartridges, Toner Cartridges"
Inkpal.com,N/A,"(877) 464-6572, 14 Palm Harbor Village Way W, Palm Coast, FL 32137","Inkjet Cartridges, Toner Cartridges"
InkRecycling.org,N/A,"(818) 338-5608, 3943 Poppyseed Pl, Calabasas, CA 91302",Inkjet Cartridges
InterConnection Computer Reuse and Learning Center,N/A,"(206) 633-1517, 3415 Stone Way North, Seattle, WA 98103","Cell Phones, Desktop Computers, Laptop Computers, Tablets"
iRecycle Kit by Battery Solutions,N/A,"(800) 852-8127, Howell, MI 48843","Cell Phones, Digital Cameras, GPS Systems, MP3 Players, Pagers, Tablets, Two-Way Radios"
iReTron,N/A,"(408) 915-9475, 15466 Los Gatos Boulevard, Los Gatos, CA 95032","Calculators, Cell Phones, Digital Cameras, Game Consoles, GPS Systems, Laptop Computers, MP3 Players"
JACO Product Recovery Services,N/A,"1-800-420-0235, 451 West 69th Street, Loveland, CO 80538","Cell Phones, Desktop Computers, Electronic Servers, Office Machines, Tablets"
"Keebloo, LLC",N/A,"(855) 533-2566, 140 58th Street, Bldg. B, Unit 2G, Brooklyn, NY 11220","Cell Phone Accessories, Cell Phones, Desktop Computers, Digital Cameras, Game Consoles, Laptop Computers, MP3 Players"
KruseCom,N/A,"4403184290, 374 N Haverhill Rd Suite 700, West Palm Beach, FL 33415","Cell Phones, Computer Peripherals - External, Computer Peripherals - Internal, Desktop Computers, Game Consoles, Laptop Computers, LCD Computer Monitors"
"Lampmaster Recycling Services, Inc. Mail-in Program",N/A,"(888)-470-4835, Cincinnati, OH 45216","Audio Equipment, Blu-Ray Players, Boomboxes, Cables, Calculators, Cassette Players, CD Players"
LampRecycling.com,N/A,"(800) 909-9709, 2200 Ogden Ave #100, Lisle, IL 60532","Desktop Computers, Floppy Disks, LCD Computer Monitors, LCD Televisions, Office Machines, Telephones, Alkaline Batteries"
Laser Save,N/A,"(732) 431-3339, 843 State Route 33 #11, Freehold, NJ 07728","Inkjet Cartridges, Toner Cartridges"
Levi Wilson,N/A,"7378000068, 615 Counts Estates Dr, Dripping Springs, TX 78620","Cell Phone Accessories, Cell Phones, Computer Peripherals - External, Computer Peripherals - Internal, Digital Cameras, Floppy Disks, Game Consoles"
LifeCell Project,N/A,"(951) 522-3221, 14 Breeze Ave, Venice, CA 90291","Cell Phones, MP3 Players"
Lion Recycling,N/A,"(888) 802-8207, 1684 Decoto Rd, Union City, CA 94587","Cell Phones, Lithium-ion Batteries"
Lions In Sight Recycling Program,N/A,"(707) 648-2306, 1404 Lemon St, Vallejo, CA 94590","Cell Phones, Inkjet Cartridges, Eyeglasses"
Mac of All Trades,N/A,"(813) 925-1181, 14474 Carlson Cir, Tampa, FL 33626","Computer Peripherals - External, Desktop Computers, Laptop Computers, LCD Computer Monitors, Tablets"
MaxBack,N/A,"(814) 464-1805, Erie, PA 16507","Cell Phones, MP3 Players, Tablets"
National Coalition Against Domestic Violence Cell Phone Donation Program,N/A,"(303) 839-1852, Dexter, MI 48130",Cell Phones
NextGen Collections,N/A,"(585) 645-2451, Rochester, NY 14604",Toner Cartridges
Nextworth Electronics Recycling,N/A,"(978) 374-6398, Lawrence, MA 01840","Cell Phones, Digital Cameras, Game Consoles, GPS Systems, MP3 Players, VCRs"
Ohio Cell Phone Donation & Recycling,N/A,"(330) 202-7668, 1201 E Bowman St, Wooster, OH 44691","Cell Phones, Laptop Computers"
Panasonic Toughbook Laptop Recycling Program,N/A,"(800) 211-7262, Secaucus, NJ 07094",Laptop Computers
Planet Aid - Give Back Box,N/A,"6730 Santa Barbara Ct, Elkridge, MD 21075","Home Electronics, Clothing, Hardcover Books, Paperback Books, Shoes"
